source	reason	title	company	location	url
linkedin-auth	dup	AI infrastructure Engineer (SRE) Amsterdam	Together AI	Amsterdam, North Holland, Netherlands (On-site)	https://www.linkedin.com/jobs/view/4405986802
linkedin-auth	dup	Senior Full-Stack AI Engineer	VARRLYN	Amsterdam, North Holland, Netherlands (On-site)	https://www.linkedin.com/jobs/view/4432349887
linkedin-auth	dup	Machine Learning (AI) Engineer (Hybrid)	Hire Feed	Netherlands (Remote)	https://www.linkedin.com/jobs/view/4435549470
linkedin-auth	title	Algorithm Engineer (Remote)	Quik Hire Staffing	European Union (Remote)	https://www.linkedin.com/jobs/view/4435534759
linkedin-auth	dup	AI Platform Engineer	Sytac	Amsterdam, North Holland, Netherlands (Hybrid)	https://www.linkedin.com/jobs/view/4435545372
linkedin-auth	dup	AI Implementation Engineer bij Snelgroeiende startup (Genonimeerd voor beste Tech Startup 2026)	ENTR Solutions	Utrecht, Utrecht, Netherlands (Hybrid)	https://www.linkedin.com/jobs/view/4435549187
linkedin-auth	title	Senior DevOps Engineer (GCP)	Proxify	EMEA (Remote)	https://www.linkedin.com/jobs/view/4249622687
linkedin-auth	dup	Data & AI Engineer	wolk	Utrecht, Utrecht, Netherlands (Hybrid)	https://www.linkedin.com/jobs/view/4434979288
linkedin-auth	dup	Senior Full Stack AI Native engineer (Dutch Speaking)	Morgan Black	Amsterdam, North Holland, Netherlands (On-site)	https://www.linkedin.com/jobs/view/4432341088
linkedin-auth	dup	Senior Applied Computer Vision Engineer	Jobgether	Netherlands (Remote)	https://www.linkedin.com/jobs/view/4432313588
linkedin-auth	dup	ML Platform Engineer	kaiko.ai	Amsterdam, North Holland, Netherlands (Hybrid)	https://www.linkedin.com/jobs/view/4431992535
linkedin-auth	dup	Software Engineer (AI Training)	Alignerr	Utrecht, Utrecht, Netherlands (Remote)	https://www.linkedin.com/jobs/view/4435366411
linkedin-auth	title	Junior Software Engineer Siemens Oil & Gas | Ede | €2.900–€4.310 - Synsel Techniek	Jobster	Ede, Gelderland, Netherlands (On-site)	https://www.linkedin.com/jobs/view/4434365783
linkedin-auth	title	Distributed Systems Engineer (Apache Spark Internals) - Remote Work | REF#294282	BairesDev	European Union (Remote)	https://www.linkedin.com/jobs/view/4426551491
linkedin-auth	dup	Solutions Engineer (Core AI)	Mendix	Amsterdam, North Holland, Netherlands (Remote)	https://www.linkedin.com/jobs/view/4431970939
linkedin-auth	title	Staff Backend Software Engineer	Hopper	Netherlands (Remote)	https://www.linkedin.com/jobs/view/4434372051
linkedin-auth	dup	Senior/Lead RPA+AI Developer	Yarado	The Randstad, Netherlands (Hybrid)	https://www.linkedin.com/jobs/view/4435177414
linkedin-auth	title	Remote Software Engineer	Turing	Netherlands (Remote)	https://www.linkedin.com/jobs/view/4435180273
linkedin-auth	title	Staff AI Engineer	Workato	Amsterdam, North Holland, Netherlands (On-site)	https://www.linkedin.com/jobs/view/4425994231
linkedin-auth	dup	Applied AI Engineer	Action1	European Union (Remote)	https://www.linkedin.com/jobs/view/4419013917
linkedin-auth	dup	Senior AI Platform Engineer (DevOps)	Andela	European Union (Remote)	https://www.linkedin.com/jobs/view/4431930901
linkedin-auth	title	React Native Developer	Built Different	Netherlands (Remote)	https://www.linkedin.com/jobs/view/4431940620
linkedin-auth	title	Staff ML Engineer	Cloudbeds	Amsterdam, North Holland, Netherlands (Remote)	https://www.linkedin.com/jobs/view/4435115676
linkedin-auth	title	Artificial Intelligence Engineer	Gazelle Global	Amsterdam, North Holland, Netherlands (Hybrid)	https://www.linkedin.com/jobs/view/4431939546
linkedin-auth	dup	Machine Learning (AI) Engineer (Hybrid)	Hire Feed	EMEA (Remote)	https://www.linkedin.com/jobs/view/4435538320
linkedin-auth	dup	Senior AI/ML Engineer	Proxify	EMEA (Remote)	https://www.linkedin.com/jobs/view/4369741774
linkedin-auth	dup	Senior Engineer - AI Platforms (Remote)	Quik Hire Staffing	EMEA (Remote)	https://www.linkedin.com/jobs/view/4435522662
linkedin-auth	dup	Software Engineer (AI Training)	Alignerr	Rotterdam, South Holland, Netherlands (Remote)	https://www.linkedin.com/jobs/view/4435379079
linkedin-auth	title	Staff Backend Software Engineer	Hopper	Amsterdam, North Holland, Netherlands (Remote)	https://www.linkedin.com/jobs/view/4434367097
linkedin-auth	title	React Developer	Built Different	Netherlands (Remote)	https://www.linkedin.com/jobs/view/4431943582
linkedin-auth	dup	RPA & AI Developer (junior/medior)	Yarado	The Randstad, Netherlands (Hybrid)	https://www.linkedin.com/jobs/view/4435109919
linkedin-auth	dup	Data Engineer - Detavast	Progressive	The Hague, South Holland, Netherlands (Hybrid)	https://www.linkedin.com/jobs/view/4431938293
linkedin-auth	title	Artificial Intelligence Engineer	BGTS International	European Union (Remote)	https://www.linkedin.com/jobs/view/4431928545
linkedin-auth	dup	Junior Data Engineer (DFC)	ABN AMRO Bank N.V.	Amersfoort, Utrecht, Netherlands (Hybrid)	https://www.linkedin.com/jobs/view/4425608908
linkedin-auth	dup	Senior AI Infrastructure & Platform Operations Engineer (remote in the EU)	Mirantis	European Union (Remote)	https://www.linkedin.com/jobs/view/4435114081
linkedin-auth	dup	AI Engineer / LLM Engineer	What's Next AI	Rotterdam, South Holland, Netherlands (Hybrid)	https://www.linkedin.com/jobs/view/4410582755
linkedin-auth	dup	AI Product Engineer (Contract)	Propel	European Economic Area (Remote)	https://www.linkedin.com/jobs/view/4434992223
linkedin-auth	dup	AI Engineer	Twine	European Economic Area (Remote)	https://www.linkedin.com/jobs/view/4431507937
linkedin-auth	dup	AI Lead Developer Experience	Vibe.co	European Union (Remote)	https://www.linkedin.com/jobs/view/4415617487
linkedin-auth	title	Python Game Developer (Panda3D)	micro1	EMEA (Remote)	https://www.linkedin.com/jobs/view/4434979496
linkedin-auth	title	BI engineer QLIK	Hillebrand Gori - A company of DHL	Haarlem, North Holland, Netherlands (On-site)	https://www.linkedin.com/jobs/view/4433325719
linkedin-auth	dup	AI Retrieval & Relevance Engineer	trg.	European Union (Remote)	https://www.linkedin.com/jobs/view/4431912539
linkedin-auth	dup	Senior AI Engineer	Coltech	European Union (Remote)	https://www.linkedin.com/jobs/view/4431906315
linkedin-auth	dup	Lead AI Data Engineer	Airswift	European Union (Remote)	https://www.linkedin.com/jobs/view/4431920003
linkedin-auth	dup	AI Solutions Engineer	XpertDirect	European Union (Remote)	https://www.linkedin.com/jobs/view/4431911008
linkedin-auth	title	Software Engineer	Evaal	Amsterdam Area (Remote)	https://www.linkedin.com/jobs/view/4431588889
linkedin-auth	dup	Software Engineer - Frontend & AI	Bizzdesign	Utrecht, Utrecht, Netherlands (Hybrid)	https://www.linkedin.com/jobs/view/4403370245
linkedin-auth	dup	Junior AI Engineer	Search X Recruitment	Haarlem, North Holland, Netherlands (On-site)	https://www.linkedin.com/jobs/view/4425093443
linkedin-auth	dup	AI Product Engineer (Codex)	BruntWork	EMEA (Remote)	https://www.linkedin.com/jobs/view/4431548791
linkedin-auth	dup	Machine Learning Engineer (Remote)	Hire Feed	European Union (Remote)	https://www.linkedin.com/jobs/view/4435546056
linkedin-auth	title	Forward Deployed Engineer (Remote)	Quik Hire Staffing	European Union (Remote)	https://www.linkedin.com/jobs/view/4435515835
linkedin-auth	dup	Software Engineer (AI Training)	Alignerr	The Hague, South Holland, Netherlands (Remote)	https://www.linkedin.com/jobs/view/4435372164
linkedin-auth	dup	Software Engineer (AI Training)	Alignerr	Eindhoven, North Brabant, Netherlands (Remote)	https://www.linkedin.com/jobs/view/4435379058
linkedin-auth	dup	Software Engineer (AI Training)	Alignerr	The Hague, South Holland, Netherlands (Remote)	https://www.linkedin.com/jobs/view/4435375064
linkedin-auth	dup	Software Engineer (AI Training)	Alignerr	Amsterdam, North Holland, Netherlands (Remote)	https://www.linkedin.com/jobs/view/4435368219
linkedin-auth	dup	Software Engineer (AI Training)	Alignerr	The Hague, South Holland, Netherlands (Remote)	https://www.linkedin.com/jobs/view/4435358873
linkedin-auth	dup	Founding AI Engineer	Built Different	The Randstad, Netherlands (Hybrid)	https://www.linkedin.com/jobs/view/4431941653
linkedin-auth	dup	Machine Learning Engineer | Remote	Crossing Hurdles	EMEA (Remote)	https://www.linkedin.com/jobs/view/4422269313
linkedin-auth	dup	Full Stack Engineer – AI SaaS (Contract)	Twine	European Economic Area (Remote)	https://www.linkedin.com/jobs/view/4431084654
linkedin-auth	dup	AI/ML Engineer – Remote	Twine	European Economic Area (Remote)	https://www.linkedin.com/jobs/view/4431091469
linkedin-auth	dup	AI Engineer	micro1	EMEA (Remote)	https://www.linkedin.com/jobs/view/4434964721
linkedin-auth	dup	Junior AI Engineer (Nederlandstalig) - Search X	Jobster	Haarlem, North Holland, Netherlands (On-site)	https://www.linkedin.com/jobs/view/4434138405
linkedin-auth	dup	Junior / Medior AI-Driven Developer	That Recruitment Company	Amsterdam Area (Hybrid)	https://www.linkedin.com/jobs/view/4434705568
linkedin-auth	dup	AI Data Engineer	DeepRec.ai	European Union (Remote)	https://www.linkedin.com/jobs/view/4434704402
linkedin-auth	title	Python Engineer	Sporty Group	European Union (Remote)	https://www.linkedin.com/jobs/view/4367185453
linkedin-auth	dup	Agentic AI Engineer	Philips	Eindhoven, North Brabant, Netherlands (On-site)	https://www.linkedin.com/jobs/view/4431522186
linkedin-auth	dup	AI Engineer	Future Facts Conclusion	Amsterdam, North Holland, Netherlands (On-site)	https://www.linkedin.com/jobs/view/4410710058
linkedin-auth	title	Staff Machine Learning Engineer	XpertDirect	Amsterdam, North Holland, Netherlands (Hybrid)	https://www.linkedin.com/jobs/view/4431088805
linkedin-auth	dup	Machine Learning Engineer	Bynder	Rotterdam, South Holland, Netherlands (Hybrid)	https://www.linkedin.com/jobs/view/4375806070
linkedin-auth	dup	AI Engineer	TreeHouse NL	Rotterdam, South Holland, Netherlands (Remote)	https://www.linkedin.com/jobs/view/4434108451
linkedin-auth	dup	Data & AI Consultant	Netlight	Amsterdam Area (On-site)	https://www.linkedin.com/jobs/view/4431098540
linkedin-auth	dup	AI Platform Engineer	Levy Professionals	Utrecht Area (Hybrid)	https://www.linkedin.com/jobs/view/4434466600
linkedin-auth	dup	Machine Learning Engineer	IMC Trading	Amsterdam, North Holland, Netherlands (On-site)	https://www.linkedin.com/jobs/view/4425832033
linkedin-auth	dup	Senior Engineer - AI Platforms (Remote)	Quik Hire Staffing	European Union (Remote)	https://www.linkedin.com/jobs/view/4435550195
linkedin-auth	dup	Machine Learning Engineer (Remote)	Hire Feed	EMEA (Remote)	https://www.linkedin.com/jobs/view/4435535402
linkedin-auth	title	Python Developer (Remote)	Hire Feed	European Union (Remote)	https://www.linkedin.com/jobs/view/4435520159
linkedin-auth	dup	Machine Learning Engineer - AI (Remote)	Hire Feed	EMEA (Remote)	https://www.linkedin.com/jobs/view/4435515241
linkedin-auth	dup	Senior Software Engineer - AI/ML (Remote)	Quik Hire Staffing	EMEA (Remote)	https://www.linkedin.com/jobs/view/4435512318
linkedin-auth	dup	Machine Learning (AI) Engineer (Hybrid)	Hire Feed	European Union (Remote)	https://www.linkedin.com/jobs/view/4435511293
linkedin-auth	title	Python Developer (Remote)	Hire Feed	EMEA (Remote)	https://www.linkedin.com/jobs/view/4435517117
linkedin-auth	title	Software Engineer - Human Data Platforms (Remote)	Hired	EMEA (Remote)	https://www.linkedin.com/jobs/view/4435518054
linkedin-auth	dup	AI Software Engineer (Remote)	Hire Feed	EMEA (Remote)	https://www.linkedin.com/jobs/view/4435502846
linkedin-auth	dup	AI/ML Engineer (Remote)	Hire Feed	European Union (Remote)	https://www.linkedin.com/jobs/view/4435506763
linkedin-auth	title	Remote Software Engineer	Turing	Amsterdam Area (Remote)	https://www.linkedin.com/jobs/view/4435177343
linkedin-auth	title	Senior Backend Engineer (Python) - Early stage | E2E impact | AI Native | Distributed Systems - Up to ~135K EUR base + solid equity % - Amsterdam (Hybrid)	Sprint and Partners	Amsterdam Area (Hybrid)	https://www.linkedin.com/jobs/view/4435103524
linkedin-auth	title	Software Support Engineer	Huzzle.com	EMEA (Remote)	https://www.linkedin.com/jobs/view/4434726056
linkedin-auth	dup	Data Engineer Human Genetics	Amsterdam UMC	Amsterdam, North Holland, Netherlands (On-site)	https://www.linkedin.com/jobs/view/4426804386
linkedin-auth	dup	Senior Machine Learning Engineer	Picnic Technologies	Amsterdam, North Holland, Netherlands (On-site)	https://www.linkedin.com/jobs/view/4284413550
linkedin-auth	dup	Data & ML Infrastructure Engineer	Optics11	Amsterdam, North Holland, Netherlands (On-site)	https://www.linkedin.com/jobs/view/4435549614
linkedin-auth	title	DevOps Engineer	StaffingBird	The Randstad, Netherlands (Hybrid)	https://www.linkedin.com/jobs/view/4432356733
linkedin-auth	dup	Data Engineer	FactX	Utrecht, Netherlands (On-site)	https://www.linkedin.com/jobs/view/4435532410
linkedin-auth	dup	Senior Machine Learning Engineer | Python | PyTorch | Machine Learning | Large Language Models | RAG | Remote, UK and EU	Enigma	European Union (Remote)	https://www.linkedin.com/jobs/view/4435524947
linkedin-auth	title	Forward Deployed Engineer (Remote)	Quik Hire Staffing	EMEA (Remote)	https://www.linkedin.com/jobs/view/4435517823
linkedin-auth	dup	Machine Learning Engineer	SiiRA	EMEA (Remote)	https://www.linkedin.com/jobs/view/4435524282
linkedin-auth	dup	Senior ML Engineer (Token Factory)	Nebius	Netherlands (Remote)	https://www.linkedin.com/jobs/view/4411375145
linkedin-auth	title	Senior Software Engineer (Python)	ML6	Amsterdam, North Holland, Netherlands (Hybrid)	https://www.linkedin.com/jobs/view/4431934627
linkedin-auth	dup	Data Engineer I (Remote)	Hire Feed	EMEA (Remote)	https://www.linkedin.com/jobs/view/4435519158
linkedin-auth	dup	Machine Learning Engineer - AI (Remote)	Hire Feed	European Union (Remote)	https://www.linkedin.com/jobs/view/4435502972
linkedin-auth	title	Senior Frontend Engineer (Remote)	Hire Feed	EMEA (Remote)	https://www.linkedin.com/jobs/view/4435512225
linkedin-auth	title	DevOps Engineer	Tribe28	Amsterdam, North Holland, Netherlands (Hybrid)	https://www.linkedin.com/jobs/view/4418731117
linkedin-auth	dup	Senior Data Scientist	SoTalent	Amsterdam Area (Hybrid)	https://www.linkedin.com/jobs/view/4432384062
linkedin-auth	title	Hacker	Neo Security	Amsterdam, North Holland, Netherlands (Hybrid)	https://www.linkedin.com/jobs/view/4435506981
linkedin-auth	title	Klinisch Chemicus (tijdelijke vervanging)	Antoni van Leeuwenhoek	Amsterdam, North Holland, Netherlands (On-site)	https://www.linkedin.com/jobs/view/4432381296
linkedin-auth	title	Computational Physicist | Remote	Crossing Hurdles	EMEA (Remote)	https://www.linkedin.com/jobs/view/4422292517
linkedin-auth	title	Physics Professor (Remote)	Hire Feed	EMEA (Remote)	https://www.linkedin.com/jobs/view/4435563694
linkedin-auth	title	Application Scientist	Locsense	Enschede, Overijssel, Netherlands (On-site)	https://www.linkedin.com/jobs/view/4435550600
linkedin-auth	title	Member of Technical Staff - Research Engineering (Remote)	Quik Hire Staffing	Netherlands (Remote)	https://www.linkedin.com/jobs/view/4435540563
linkedin-auth	title	Software Development Engineer in Test (SDET)	TOPIC Embedded Systems	Eindhoven, North Brabant, Netherlands (Hybrid)	https://www.linkedin.com/jobs/view/4432360096
linkedin-auth	title	Lead Geologist	Orion Group	The Hague, South Holland, Netherlands (On-site)	https://www.linkedin.com/jobs/view/4435542109
linkedin-auth	title	Research And Development Engineer	Uptec	Eindhoven Area (Hybrid)	https://www.linkedin.com/jobs/view/4435529471
linkedin-auth	dup	Junior Professional in AI and Data Science	European Space Agency - ESA	Noordwijk-Binnen, South Holland, Netherlands (On-site)	https://www.linkedin.com/jobs/view/4434316307
linkedin-auth	title	Wetenschappelijk onderzoeker met affiniteit voor biochemie	Erasmus MC	Rotterdam, South Holland, Netherlands (On-site)	https://www.linkedin.com/jobs/view/4435110396
linkedin-auth	title	Air Quality Research Officer	Baresi Training Center (BTC)	Haarlem, North Holland, Netherlands (On-site)	https://www.linkedin.com/jobs/view/4431979576
linkedin-auth	title	Physics Professor/Researcher (PhD)	micro1	EMEA (Remote)	https://www.linkedin.com/jobs/view/4435304812
linkedin-auth	title	Science Community Lead	Jobgether	Netherlands (Remote)	https://www.linkedin.com/jobs/view/4431931392
linkedin-auth	title	Remote Chemistry Expert (PhD)	Turing	Netherlands (Remote)	https://www.linkedin.com/jobs/view/4435103059
linkedin-auth	title	PhD Position on Process Systems Engineering for Flexible CO2 Utilisation under Renewable Energy Variability	University of Twente	Enschede, Overijssel, Netherlands (Hybrid)	https://www.linkedin.com/jobs/view/4427849523
linkedin-auth	title	Laboratory Research Analyst	ChainCraft	Amsterdam, North Holland, Netherlands (On-site)	https://www.linkedin.com/jobs/view/4431916631
linkedin-auth	title	Staff Product Manager - AI - 100% Remote - EMEA	Hostaway	EMEA (Remote)	https://www.linkedin.com/jobs/view/4434968352
linkedin-auth	title	Postdoctoral Researcher	Bentham Science	European Economic Area (Remote)	https://www.linkedin.com/jobs/view/4431586483
linkedin-auth	title	Postdoctoral Researcher	Jiangsu University	EMEA (Remote)	https://www.linkedin.com/jobs/view/4434928795
linkedin-auth	title	Laborant Voorbewerking en Analyse - Jobbird.com	Jobster	Dordrecht, South Holland, Netherlands (On-site)	https://www.linkedin.com/jobs/view/4434109137
linkedin-auth	title	Member of Technical Staff - Research Engineering (Remote)	Quik Hire Staffing	European Union (Remote)	https://www.linkedin.com/jobs/view/4435512182
linkedin-auth	title	Member of Technical Staff - Research Engineering (Remote)	Quik Hire Staffing	EMEA (Remote)	https://www.linkedin.com/jobs/view/4435516035
linkedin-auth	title	Physics Professor (Remote)	Hire Feed	European Union (Remote)	https://www.linkedin.com/jobs/view/4435567525
linkedin-auth	title	Physics Research Specialist (PhD) | Remote	Crossing Hurdles	EMEA (Remote)	https://www.linkedin.com/jobs/view/4425824752
linkedin-auth	title	Scientific & Laboratory Operations Specialist (Remote)	Quik Hire Staffing	EMEA (Remote)	https://www.linkedin.com/jobs/view/4435540326
linkedin-auth	title	R&D Systems & Lab Specialist (Remote)	Hire Feed	European Union (Remote)	https://www.linkedin.com/jobs/view/4435501951
linkedin-auth	title	Junior Professional in Lunar Science Instrumentation	European Space Agency - ESA	Noordwijk-Binnen, South Holland, Netherlands (On-site)	https://www.linkedin.com/jobs/view/4434316310
linkedin-auth	title	Plant Biologist	micro1	EMEA (Remote)	https://www.linkedin.com/jobs/view/4435108708
linkedin-auth	title	Physics (PhD)	micro1	European Union (Remote)	https://www.linkedin.com/jobs/view/4435109373
linkedin-auth	title	Chemistry Specialist | $50/per task	Crossing Hurdles	EMEA (Remote)	https://www.linkedin.com/jobs/view/4422260465
linkedin-auth	title	Biology Specialist | $50/Task Remote	Crossing Hurdles	EMEA (Remote)	https://www.linkedin.com/jobs/view/4422267642
linkedin-auth	title	Physics Research Auditor | Remote	Crossing Hurdles	EMEA (Remote)	https://www.linkedin.com/jobs/view/4422266718
linkedin-auth	title	Physics Researcher | Remote	Crossing Hurdles	EMEA (Remote)	https://www.linkedin.com/jobs/view/4434310179
linkedin-auth	title	Research Technician	Antoni van Leeuwenhoek	Amsterdam, North Holland, Netherlands (On-site)	https://www.linkedin.com/jobs/view/4434915091
linkedin-auth	title	Chemisch Analist QC - Jobbird.com	Jobster	Weesp, North Holland, Netherlands (On-site)	https://www.linkedin.com/jobs/view/4434106208
linkedin-auth	title	Laboratory Technician Maastricht - Jobbird.com	Jobster	Maastricht, Limburg, Netherlands (On-site)	https://www.linkedin.com/jobs/view/4433684977
linkedin-auth	title	Sample Technician - Unique	Jobster	Hilversum, North Holland, Netherlands (On-site)	https://www.linkedin.com/jobs/view/4433685456
linkedin-auth	title	Petrophysical Analyst - Jobbird.com	Jobster	Leiden, South Holland, Netherlands (On-site)	https://www.linkedin.com/jobs/view/4433687322
linkedin-auth	title	Data Engineneer	Odgers Nederland	Amsterdam, North Holland, Netherlands (Hybrid)	https://www.linkedin.com/jobs/view/4435552319
linkedin-auth	title	Datascience specialist	Royal A-ware	Heerenveen, Friesland, Netherlands (On-site)	https://www.linkedin.com/jobs/view/4405688489
linkedin-auth	title	Junior Data Analist	ErasmusTalent	Rotterdam, South Holland, Netherlands (On-site)	https://www.linkedin.com/jobs/view/4435528567
linkedin-auth	dup	Data Scientist	SoTalent	Amsterdam, North Holland, Netherlands (Hybrid)	https://www.linkedin.com/jobs/view/4432332557
linkedin-auth	dup	Data Scientist - AI/ML (Remote)	Hire Feed	EMEA (Remote)	https://www.linkedin.com/jobs/view/4435513614
linkedin-auth	title	Research Specialist (Remote)	Quik Hire Staffing	EMEA (Remote)	https://www.linkedin.com/jobs/view/4435388773
linkedin-auth	dup	Data Engineer	Nebius	Amsterdam Area (Hybrid)	https://www.linkedin.com/jobs/view/4412686350
linkedin-auth	title	Specialist Master Data	Target | the career company	Hengelo, Overijssel, Netherlands (Hybrid)	https://www.linkedin.com/jobs/view/4435117343
linkedin-auth	dup	Senior Data Scientist	Dartmouth Partners	European Union (Remote)	https://www.linkedin.com/jobs/view/4434306567
linkedin-auth	title	Product Data Analyst, Relocation to Bangkok	Manatal	Amsterdam Area (On-site)	https://www.linkedin.com/jobs/view/4432366704
linkedin-auth	dup	Data Scientist - AI/ML (Remote)	Hire Feed	European Union (Remote)	https://www.linkedin.com/jobs/view/4435513375
linkedin-auth	dup	Data Engineer I (Remote)	Hire Feed	European Union (Remote)	https://www.linkedin.com/jobs/view/4435513316
linkedin-auth	title	Data Analyst - Business (Remote)	Hire Feed	European Union (Remote)	https://www.linkedin.com/jobs/view/4435508361
linkedin-auth	title	Data Analyst	Haystack	Drechterland, North Holland, Netherlands (Hybrid)	https://www.linkedin.com/jobs/view/4434981622
linkedin-auth	dup	Data Engineer (Nederlands sprekend)	Xccelerated | Part of Xebia	Utrecht, Netherlands (Hybrid)	https://www.linkedin.com/jobs/view/4431253800
linkedin-auth	title	🔥Forward Deployed Engineer (AI Agents) - Remote 🔥	We Source Talent	European Union (Remote)	https://www.linkedin.com/jobs/view/4432363397
linkedin-auth	title	Member of Technical Staff - AI Engineering (Remote)	Hire Feed	European Union (Remote)	https://www.linkedin.com/jobs/view/4435514452
linkedin-auth	dup	Computer Vision Engineer	Harnham	The Randstad, Netherlands (Hybrid)	https://www.linkedin.com/jobs/view/4383742981
linkedin-auth	dup	Data Scientist / Machine Learning Engineer	Sopra Steria	Nieuwegein, Utrecht, Netherlands (On-site)	https://www.linkedin.com/jobs/view/4302270577
linkedin-auth	dup	Senior Deep Learning Engineer	NVIDIA	Netherlands (Remote)	https://www.linkedin.com/jobs/view/4395473494
linkedin-auth	dup	Machine Learning Engineer	RebelsAI	The Randstad, Netherlands (Hybrid)	https://www.linkedin.com/jobs/view/4426237021
linkedin-auth	dup	Senior Data Scientist	Corecom Consulting	The Randstad, Netherlands (Hybrid)	https://www.linkedin.com/jobs/view/4427360730
linkedin-auth	dup	Computer Vision Engineer	UPFRONT	The Randstad, Netherlands (On-site)	https://www.linkedin.com/jobs/view/4433076143
linkedin-auth	dup	ML Engineer	NAVARA	The Randstad, Netherlands (Hybrid)	https://www.linkedin.com/jobs/view/4421109521
linkedin-auth	dup	Data Engineer	Xccelerated | Part of Xebia	Utrecht, Netherlands (Hybrid)	https://www.linkedin.com/jobs/view/4426086342
linkedin-auth	title	Forward Deployed Engineer (Freelance)	BrainBite	Netherlands (Remote)	https://www.linkedin.com/jobs/view/4427089519
linkedin-auth	title	React Native Developer (Remote)	Hire Feed	EMEA (Remote)	https://www.linkedin.com/jobs/view/4435552030
linkedin-auth	title	Full-Stack Developer (Python/Django & React)	SMOOVE Recruitment	Amsterdam, North Holland, Netherlands (On-site)	https://www.linkedin.com/jobs/view/4435186407
linkedin-auth	title	Remote Full Stack Engineer – Payment Integration	Twine	European Economic Area (Remote)	https://www.linkedin.com/jobs/view/4423643320
linkedin-auth	dup	Software Engineer AI	Robert Vint	Utrecht, Utrecht, Netherlands (Hybrid)	https://www.linkedin.com/jobs/view/4434975139
linkedin-auth	dup	Senior Full Stack Engineer - AI Products Remote)	Quik Hire Staffing	European Union (Remote)	https://www.linkedin.com/jobs/view/4435523364
linkedin-auth	title	Freelance / Contract Microsoft Engineer	Lucidon	Amsterdam, North Holland, Netherlands (Hybrid)	https://www.linkedin.com/jobs/view/4435549438
linkedin-auth	title	GTM Engineer	European Tech Recruit	European Union (Remote)	https://www.linkedin.com/jobs/view/4435546471
linkedin-auth	title	AIT Engineer	Dawn Aerospace	Delft, South Holland, Netherlands (On-site)	https://www.linkedin.com/jobs/view/4412150997
linkedin-auth	title	Stream Processing Engineer (Apache Flink Internals) - Remote Work | REF#294346	BairesDev	Netherlands (Remote)	https://www.linkedin.com/jobs/view/4426554421
linkedin-auth	title	Forward Deployment Engineer	fonio.ai	European Union (Remote)	https://www.linkedin.com/jobs/view/4425497695
linkedin-auth	title	Engineering Team Lead	Nebul	Leiden, South Holland, Netherlands (Hybrid)	https://www.linkedin.com/jobs/view/4431925065
linkedin-auth	title	Senior Engineer	Sia	Amsterdam, North Holland, Netherlands (Hybrid)	https://www.linkedin.com/jobs/view/4434475628
linkedin-auth	title	Python Engineer	Signify Technology	Amsterdam, North Holland, Netherlands (Hybrid)	https://www.linkedin.com/jobs/view/4407962411
linkedin-auth	dup	Freelance AI Engineer	Vivid Resourcing	Rotterdam, South Holland, Netherlands (Hybrid)	https://www.linkedin.com/jobs/view/4432805943
linkedin-auth	dup	AI Engineer – RAG & Agentic AI	Haystack People	South Holland, Netherlands (Hybrid)	https://www.linkedin.com/jobs/view/4431838759
linkedin-auth	location	Senior AI Infrastructure & Platform Operations Engineer (remote in the EU)	Mirantis	Poznań, Wielkopolskie, Poland (Remote)	https://www.linkedin.com/jobs/view/4432373440
linkedin-auth	title	.NET Desktop Developer - CONTRACT	Hays	Hungary (Remote)	https://www.linkedin.com/jobs/view/4435556973
linkedin-auth	dup	Applied AI Engineer	Revolut	Cyprus (Remote)	https://www.linkedin.com/jobs/view/4407473235
linkedin-auth	location	AI Engineer	Acolad group	Algés, Lisbon, Portugal (Remote)	https://www.linkedin.com/jobs/view/4432385091
linkedin-auth	location	AI Solution Engineer (Enterprise AI Use Case Implementation)	KOSTAL Group	Sofia, Sofia City, Bulgaria (Remote)	https://www.linkedin.com/jobs/view/4426517646
linkedin-auth	dup	Applied AI Engineer	Revolut	Portugal (Remote)	https://www.linkedin.com/jobs/view/4407463864
linkedin-auth	location	AI Platform Engineer (Enterprise AI Platform & Operations)	KOSTAL Group	Sofia, Sofia City, Bulgaria (Remote)	https://www.linkedin.com/jobs/view/4426529335
linkedin-auth	location	Senior AI Engineer (m/w/d)	FiveSquare	On, Walloon Region, Belgium (Remote)	https://www.linkedin.com/jobs/view/4435534703
linkedin-auth	title	Freelance Data Scraping Engineer (Python)	Mindrift	Italy (Remote)	https://www.linkedin.com/jobs/view/4432363157
linkedin-auth	location	AI/ML Engineer	EUROPEAN DYNAMICS	Athens, Attiki, Greece (Remote)	https://www.linkedin.com/jobs/view/4432349165
linkedin-auth	title	Software Engineer (Java, Cloud, Python, Platform, Web, Backend)	Joinrs	Italy (Remote)	https://www.linkedin.com/jobs/view/4435537019
linkedin-auth	location	AI-first QA Engineer	Smartcat	Lisboa, Lisbon, Portugal (Remote)	https://www.linkedin.com/jobs/view/4432313847
linkedin-auth	dup	Senior Software Engineer - AI Platform & Frameworks	Jobgether	France (Remote)	https://www.linkedin.com/jobs/view/4432311613
linkedin-auth	location	Software Engineer (AI Training)	Alignerr	Budapest, Budapest, Hungary (Remote)	https://www.linkedin.com/jobs/view/4435374157
linkedin-auth	location	Software Engineer (AI Training)	Alignerr	Szczecin, Zachodniopomorskie, Poland (Remote)	https://www.linkedin.com/jobs/view/4435366378
linkedin-auth	location	Software Engineer (AI Training) — Remote Contract	Alignerr	Warsaw, Mazowieckie, Poland (Remote)	https://www.linkedin.com/jobs/view/4435359879
linkedin-auth	location	Software Engineer (AI Training)	Alignerr	Valencia, Valencian Community, Spain (Remote)	https://www.linkedin.com/jobs/view/4435378065
linkedin-auth	location	Software Engineer (AI Training)	Alignerr	Cracow, Małopolskie, Poland (Remote)	https://www.linkedin.com/jobs/view/4435368224
linkedin-auth	location	Software Engineer (AI Training)	Alignerr	Galați, Hunedoara, Romania (Remote)	https://www.linkedin.com/jobs/view/4435362506
linkedin-auth	location	Software Engineer (AI Training)	Alignerr	Rome, Latium, Italy (Remote)	https://www.linkedin.com/jobs/view/4435371187
linkedin-auth	location	Software Engineer (AI Training)	Alignerr	Szczecin, Zachodniopomorskie, Poland (Remote)	https://www.linkedin.com/jobs/view/4435365402
linkedin-auth	location	Software Engineer (AI Training)	Alignerr	Turin, Piedmont, Italy (Remote)	https://www.linkedin.com/jobs/view/4435361522
linkedin-auth	dup	Applied AI Engineer	Revolut	Sweden (Remote)	https://www.linkedin.com/jobs/view/4407455974
linkedin-auth	title	Freelance Data Scraping Engineer (Python)	Mindrift	Hamburg, Hamburg, Germany (Remote)	https://www.linkedin.com/jobs/view/4432344718
linkedin-auth	dup	Senior Software Engineer - AI Platform & Frameworks	Jobgether	Ireland (Remote)	https://www.linkedin.com/jobs/view/4432308709
linkedin-auth	location	Software Engineer (AI Training)	Alignerr	Rzeszów, Podkarpackie, Poland (Remote)	https://www.linkedin.com/jobs/view/4435358951
linkedin-auth	location	Software Engineer (AI Training)	Alignerr	Bydgoszcz, Kujawsko-pomorskie, Poland (Remote)	https://www.linkedin.com/jobs/view/4435360543
linkedin-auth	location	Software Engineer (AI Training)	Alignerr	Rome, Latium, Italy (Remote)	https://www.linkedin.com/jobs/view/4435380023
linkedin-auth	location	Software Engineer (AI Training)	Alignerr	Rome, Latium, Italy (Remote)	https://www.linkedin.com/jobs/view/4435378057
linkedin-auth	location	Software Engineer (AI Training)	Alignerr	Gdynia, Pomorskie, Poland (Remote)	https://www.linkedin.com/jobs/view/4435374075
linkedin-auth	location	Software Engineer (AI Training)	Alignerr	Szczecin, Zachodniopomorskie, Poland (Remote)	https://www.linkedin.com/jobs/view/4435372114
linkedin-auth	location	Software Engineer (AI Training)	Alignerr	Timişoara, Timiş, Romania (Remote)	https://www.linkedin.com/jobs/view/4435366358
linkedin-auth	location	Software Engineer (AI Training)	Alignerr	Braşov, Braşov, Romania (Remote)	https://www.linkedin.com/jobs/view/4435377032
linkedin-auth	location	Software Engineer (AI Training)	Alignerr	Białystok, Podlaskie, Poland (Remote)	https://www.linkedin.com/jobs/view/4435370209
linkedin-auth	location	Software Engineer (AI Training)	Alignerr	Timişoara, Timiş, Romania (Remote)	https://www.linkedin.com/jobs/view/4435369229
linkedin-auth	location	Software Engineer (AI Training)	Alignerr	Rzeszów, Podkarpackie, Poland (Remote)	https://www.linkedin.com/jobs/view/4435375054
linkedin-auth	location	Software Engineer (AI Training)	Alignerr	Warsaw, Mazowieckie, Poland (Remote)	https://www.linkedin.com/jobs/view/4435374063
linkedin-auth	location	Software Engineer (AI Training)	Alignerr	Rzeszów, Podkarpackie, Poland (Remote)	https://www.linkedin.com/jobs/view/4435373088
linkedin-auth	location	Software Engineer (AI Training)	Alignerr	Timişoara, Timiş, Romania (Remote)	https://www.linkedin.com/jobs/view/4435365393
linkedin-auth	location	Software/AI Engineer	Product Pulse	Warsaw, Mazowieckie, Poland (Remote)	https://www.linkedin.com/jobs/view/4434378055
linkedin-auth	location	Solutions Engineer (Core AI)	Mendix	Munich, Bavaria, Germany (Remote)	https://www.linkedin.com/jobs/view/4431980304
linkedin-auth	dup	Senior Software Engineer (Typescript, AI)	Signify Technology	Poland (Remote)	https://www.linkedin.com/jobs/view/4431950958
linkedin-auth	dup	Senior Libraries Engineer – AI and HPC	NVIDIA	Spain (Remote)	https://www.linkedin.com/jobs/view/4425530774
linkedin-auth	dup	Data Scientist / MLOps Engineer - 100% teletrabajo	Nunegal Consulting	Spain (Remote)	https://www.linkedin.com/jobs/view/4396442951
linkedin-auth	dup	Senior Software Engineer - AI Platform & Frameworks	Jobgether	Romania (Remote)	https://www.linkedin.com/jobs/view/4432304772
linkedin-auth	location	Software Engineer (AI Training)	Alignerr	Braşov, Braşov, Romania (Remote)	https://www.linkedin.com/jobs/view/4435381048
linkedin-auth	title	Software Engineer (Rust) - Remote Work | REF#289830	BairesDev	Italy (Remote)	https://www.linkedin.com/jobs/view/4420451810
linkedin-auth	location	Solutions Engineer (Core AI)	Mendix	Stuttgart, Baden-Württemberg, Germany (Remote)	https://www.linkedin.com/jobs/view/4431977367
linkedin-auth	title	Security engineer intern	Bending Spoons	Italy (Remote)	https://www.linkedin.com/jobs/view/4434356012
linkedin-auth	location	Senior Libraries Engineer – AI and HPC	NVIDIA	Warsaw, Mazowieckie, Poland (Remote)	https://www.linkedin.com/jobs/view/4425541720
linkedin-auth	title	Artificial Intelligence Engineer	Hermes Corporate	Italy (Remote)	https://www.linkedin.com/jobs/view/4435162958
linkedin-auth	dup	Python AWS Data Engineer	Bluetab, an IBM Company	Spain (Remote)	https://www.linkedin.com/jobs/view/4431950465
linkedin-auth	title	AI-Driven Fullstack Engineer (Java & Angular) - (remote, 40-46k)	SQUAD Technology Solutions	Spain (Remote)	https://www.linkedin.com/jobs/view/4435155977
linkedin-auth	dup	AI Application Engineer - Kubernetes - Must be based spain	Next Ventures	Spain (Remote)	https://www.linkedin.com/jobs/view/4431956316
linkedin-auth	dup	Senior AI Engineer	Yolk Recruitment Ltd	Spain (Remote)	https://www.linkedin.com/jobs/view/4434330418
linkedin-auth	title	Staff Applied AI Engineer	Pleo	Spain (Remote)	https://www.linkedin.com/jobs/view/4410722149
linkedin-auth	title	Forward Deployed Engineer	n8n	Germany (Remote)	https://www.linkedin.com/jobs/view/4435133322
linkedin-auth	title	Principal Solutions Engineer	Wiz	Germany (Remote)	https://www.linkedin.com/jobs/view/4431944636
linkedin-auth	dup	Senior Software Engineer - AI Platform & Frameworks	Uberall	Hungary (Remote)	https://www.linkedin.com/jobs/view/4435117658
linkedin-auth	dup	Python Data Engineer	XTB online investing	Poland (Remote)	https://www.linkedin.com/jobs/view/4435126247
linkedin-auth	dup	Data Engineer	TechShack	European Union (Remote)	https://www.linkedin.com/jobs/view/4435535374
linkedin-auth	dup	Senior Software Engineer - AI Platform & Frameworks	Jobgether	Portugal (Remote)	https://www.linkedin.com/jobs/view/4432300842
linkedin-auth	title	Remote Software Engineer ($300/hr.)	Turing	Germany (Remote)	https://www.linkedin.com/jobs/view/4435368981
linkedin-auth	location	Software Engineer (AI Training)	Alignerr	Poznań, Wielkopolskie, Poland (Remote)	https://www.linkedin.com/jobs/view/4435372193
linkedin-auth	location	Solutions Engineer (Core AI)	Mendix	Berlin, Berlin, Germany (Remote)	https://www.linkedin.com/jobs/view/4431974385
linkedin-auth	title	Python Developer with GCP	Xebia	Bulgaria (Remote)	https://www.linkedin.com/jobs/view/4435534790
linkedin-auth	dup	Senior Applied Computer Vision Engineer	Jobgether	Germany (Remote)	https://www.linkedin.com/jobs/view/4434601577
linkedin-auth	location	Software Engineer (AI Training)	Alignerr	Rome, Latium, Italy (Remote)	https://www.linkedin.com/jobs/view/4435369305
linkedin-auth	location	Solutions Engineer (Core AI)	Mendix	Erlangen, Bavaria, Germany (Remote)	https://www.linkedin.com/jobs/view/4431986226
linkedin-auth	title	Si eres un ingeniero en Python/AKS ¡te proponemos un nuevo reto! (INSTRUCCIONES EN DESCRIPCIÓN)	Bluetab, an IBM Company	Spain (Remote)	https://www.linkedin.com/jobs/view/4431969040
linkedin-auth	title	Staff Applied AI Engineer	Pleo	Portugal (Remote)	https://www.linkedin.com/jobs/view/4410721318
linkedin-auth	dup	AI Platform Engineer	Plarium	Spain (Remote)	https://www.linkedin.com/jobs/view/4431946040
linkedin-auth	dup	Senior AI Compute Infrastructure Engineer	Kraken	Bulgaria (Remote)	https://www.linkedin.com/jobs/view/4415677209
linkedin-auth	dup	AI Automation Engineer	MC Engineering	Italy (Remote)	https://www.linkedin.com/jobs/view/4416402281
linkedin-auth	location	AI-native Senior Backend Software Engineer - Remote (Poland)	OLX	Poznań, Wielkopolskie, Poland (Remote)	https://www.linkedin.com/jobs/view/4434985535
linkedin-auth	dup	SENIOR AI ENGINEER (PYTHON · LANGGRAPH · GCP)	Synthetrial	Spain (Remote)	https://www.linkedin.com/jobs/view/4434971818
linkedin-auth	location	AI Engineer - Agentic Workflows	Zurich Insurance	Bratislava, Bratislava, Slovakia (Remote)	https://www.linkedin.com/jobs/view/4415674207
linkedin-auth	location	Lead AI Engineer (LLMs & Agents)	Elixirr Digital	Zagreb, Croatia (Remote)	https://www.linkedin.com/jobs/view/4304884183
linkedin-auth	location	Senior AI Engineer	Simon-Kucher	Warsaw, Mazowieckie, Poland (Remote)	https://www.linkedin.com/jobs/view/4383123578
linkedin-auth	dup	Senior Python/ML Engineer	EPAM Systems	Czechia (Remote)	https://www.linkedin.com/jobs/view/4288591310
linkedin-auth	dup	Senior AI Data & Analytics Engineer	Goodgame Studios	Germany (Remote)	https://www.linkedin.com/jobs/view/4431914469
linkedin-auth	dup	AI Engineer (all genders) - Business Automation	eduki	Greece (Remote)	https://www.linkedin.com/jobs/view/4429670903
linkedin-auth	dup	Lead AI Engineer	Arelance	Spain (Remote)	https://www.linkedin.com/jobs/view/4434978164
linkedin-auth	dup	AI Software Engineer (Remote)	Hire Feed	Ireland (Remote)	https://www.linkedin.com/jobs/view/4435516079
linkedin-auth	location	Software Engineer (AI Training)	Alignerr	Rzeszów, Podkarpackie, Poland (Remote)	https://www.linkedin.com/jobs/view/4435364554
linkedin-auth	dup	Senior Deep Learning Software Engineer, Inference	NVIDIA	Poland (Remote)	https://www.linkedin.com/jobs/view/4425536726
linkedin-auth	title	Remote Software Engineer	Turing	Italy (Remote)	https://www.linkedin.com/jobs/view/4435173407
linkedin-auth	location	AI-native Senior Backend Software Engineer - Remote (Poland)	OLX	Warsaw, Mazowieckie, Poland (Remote)	https://www.linkedin.com/jobs/view/4434980513
linkedin-auth	dup	Senior AI/ML Ops Engineer	EPAM Systems	Hungary (Remote)	https://www.linkedin.com/jobs/view/4385021398
linkedin-auth	location	Software Engineer (AI Training)	Alignerr	Wrocław, Dolnośląskie, Poland (Remote)	https://www.linkedin.com/jobs/view/4435362549
linkedin-auth	dup	Solutions Engineer (Core AI)	Mendix	Rotterdam, South Holland, Netherlands (Remote)	https://www.linkedin.com/jobs/view/4431990066
linkedin-auth	title	Senior Python Engineer	Windsor.ai	Bulgaria (Remote)	https://www.linkedin.com/jobs/view/4435192393
linkedin-auth	dup	Senior AI-Native Fullstack Engineer (m/f/d) - DevOps	zvoove	Germany (Remote)	https://www.linkedin.com/jobs/view/4434962240
linkedin-auth	location	AI Engineer — Core AI 🇪🇺	Pennylane	Madrid, Community of Madrid, Spain (Hybrid)	https://www.linkedin.com/jobs/view/4434727709
linkedin-auth	dup	Senior Applied AI Engineer	Pleo	Denmark (Remote)	https://www.linkedin.com/jobs/view/4434721649
linkedin-auth	location	Machine Learning Engineer (m/f/d)	Siemens Energy	Erlangen, Bavaria, Germany (Remote)	https://www.linkedin.com/jobs/view/4434137342
linkedin-auth	dup	QE - Native AI Engineer	Delaplex	Hungary (Remote)	https://www.linkedin.com/jobs/view/4434127347
linkedin-auth	title	Artificial Intelligence Engineer	KCS iT	Portugal (Remote)	https://www.linkedin.com/jobs/view/4434125419
linkedin-auth	title	Ingénieur IA - (F/X/H)	Amaris Consulting	Paris, Île-de-France, France (Remote)	https://www.linkedin.com/jobs/view/4425482461
linkedin-auth	location	AI Platform Engineer	Continental	Lousado, Braga, Portugal (Remote)	https://www.linkedin.com/jobs/view/4434475936
linkedin-auth	location	AI Salesforce Engineer (f/m/x)	Sii Poland	Toruń, Kujawsko-pomorskie, Poland (Remote)	https://www.linkedin.com/jobs/view/4431511086
linkedin-auth	location	AI Salesforce Engineer (f/m/x)	Sii Poland	Warsaw, Mazowieckie, Poland (Remote)	https://www.linkedin.com/jobs/view/4431092971
linkedin-auth	location	AI-Native Software Engineer (m/w/d)	Senacor Technologies	Hamburg, Hamburg, Germany (Remote)	https://www.linkedin.com/jobs/view/4430618795
linkedin-auth	dup	Lead AI-Augmented IAM Security Engineer	EPAM Systems	Lithuania (Remote)	https://www.linkedin.com/jobs/view/4431098567
linkedin-auth	dup	Lead Azure AI Security Engineer	EPAM Systems	Latvia (Remote)	https://www.linkedin.com/jobs/view/4431093578
linkedin-auth	dup	Lead AI Security Engineer	EPAM Systems	Lithuania (Remote)	https://www.linkedin.com/jobs/view/4431502506
linkedin-auth	dup	Lead Azure AI Security Engineer	EPAM Systems	Lithuania (Remote)	https://www.linkedin.com/jobs/view/4431087715
linkedin-auth	dup	Lead AI-Augmented IAM Security Engineer	EPAM Systems	Latvia (Remote)	https://www.linkedin.com/jobs/view/4431084817
linkedin-auth	title	Frontend Software Engineer	Jobgether	Netherlands (Remote)	https://www.linkedin.com/jobs/view/4432374321
linkedin-auth	dup	Machine Learning Engineer (Remote)	Hire Feed	Germany (Remote)	https://www.linkedin.com/jobs/view/4435386799
linkedin-auth	location	Software Engineer (AI Training)	Alignerr	Rzeszów, Podkarpackie, Poland (Remote)	https://www.linkedin.com/jobs/view/4435364537
linkedin-auth	location	Software Engineer (AI Training)	Alignerr	Seville, Andalusia, Spain (Remote)	https://www.linkedin.com/jobs/view/4435365398
linkedin-auth	location	Solutions Engineer (Core AI)	Mendix	Frankfurt, Hesse, Germany (Remote)	https://www.linkedin.com/jobs/view/4431971629
linkedin-auth	title	Forward Deployed Engineer	n8n	Netherlands (Remote)	https://www.linkedin.com/jobs/view/4435127395
linkedin-auth	dup	Senior Engineer - AI Platforms (Remote)	Quik Hire Staffing	Germany (Remote)	https://www.linkedin.com/jobs/view/4435532709
linkedin-auth	location	Software Engineer (AI Training)	Alignerr	Rome, Latium, Italy (Remote)	https://www.linkedin.com/jobs/view/4435381013
linkedin-auth	location	Software Engineer (AI Training)	Alignerr	Bucharest, Bucharest, Romania (Remote)	https://www.linkedin.com/jobs/view/4435369247
linkedin-auth	location	Software Engineer (AI Training)	Alignerr	Leipzig, Saxony, Germany (Remote)	https://www.linkedin.com/jobs/view/4435366381
linkedin-auth	location	Software Engineer (AI Training)	Alignerr	Wrocław, Dolnośląskie, Poland (Remote)	https://www.linkedin.com/jobs/view/4435368225
linkedin-auth	location	Software Engineer (AI Training)	Alignerr	Rome, Latium, Italy (Remote)	https://www.linkedin.com/jobs/view/4435359883
linkedin-auth	location	Software Engineer (AI Training)	Alignerr	Rzeszów, Podkarpackie, Poland (Remote)	https://www.linkedin.com/jobs/view/4435365406
linkedin-auth	location	Software Engineer (AI Training)	Alignerr	Rome, Latium, Italy (Remote)	https://www.linkedin.com/jobs/view/4435374090
linkedin-auth	location	Software Engineer (AI Training)	Alignerr	Rzeszów, Podkarpackie, Poland (Remote)	https://www.linkedin.com/jobs/view/4435362510
linkedin-auth	location	Software Engineer (AI Training)	Alignerr	Rzeszów, Podkarpackie, Poland (Remote)	https://www.linkedin.com/jobs/view/4435378068
linkedin-auth	location	Software Engineer (AI Training)	Alignerr	Lisbon, Lisbon, Portugal (Remote)	https://www.linkedin.com/jobs/view/4435374089
linkedin-auth	location	Software Engineer (AI Training)	Alignerr	Rome, Latium, Italy (Remote)	https://www.linkedin.com/jobs/view/4435359872
linkedin-auth	location	Software Engineer (AI Training)	Alignerr	Seville, Andalusia, Spain (Remote)	https://www.linkedin.com/jobs/view/4435373108
linkedin-auth	location	Software Engineer (AI Training)	Alignerr	Bordeaux, Nouvelle-Aquitaine, France (Remote)	https://www.linkedin.com/jobs/view/4435361519
linkedin-auth	location	Software Engineer (AI Training)	Alignerr	Rome, Latium, Italy (Remote)	https://www.linkedin.com/jobs/view/4435372127
linkedin-auth	location	Software Engineer (AI Training)	Alignerr	Braşov, Braşov, Romania (Remote)	https://www.linkedin.com/jobs/view/4435361513
linkedin-auth	location	Software Engineer (AI Training)	Alignerr	Porto, Portugal (Remote)	https://www.linkedin.com/jobs/view/4435373104
linkedin-auth	location	Software Engineer (AI Training)	Alignerr	Braşov, Braşov, Romania (Remote)	https://www.linkedin.com/jobs/view/4435362501
linkedin-auth	location	Software Engineer (AI Training)	Alignerr	Braşov, Braşov, Romania (Remote)	https://www.linkedin.com/jobs/view/4435379031
linkedin-auth	location	Software Engineer (AI Training)	Alignerr	Rome, Latium, Italy (Remote)	https://www.linkedin.com/jobs/view/4435376064
linkedin-auth	title	Fullstack Python Developer - Remote Work | REF#296657	BairesDev	Sofia, Sofia City, Bulgaria (Remote)	https://www.linkedin.com/jobs/view/4435339356
linkedin-auth	title	Remote Software Engineer	Turing	Rome, Latium, Italy (Remote)	https://www.linkedin.com/jobs/view/4435180322
linkedin-auth	title	Senior Python Developer	Velocity Tech	Italy (Remote)	https://www.linkedin.com/jobs/view/4432352746
linkedin-auth	dup	Machine Learning (AI) Engineer (Hybrid)	Hire Feed	Ireland (Remote)	https://www.linkedin.com/jobs/view/4435537733
linkedin-auth	dup	Data Engineer	FetchJobs.co	Germany (Remote)	https://www.linkedin.com/jobs/view/4432320135
linkedin-auth	location	Software Engineer (AI Training) — Remote Contract	Alignerr	Berlin, Berlin, Germany (Remote)	https://www.linkedin.com/jobs/view/4435372143
linkedin-auth	dup	Senior/Lead Machine Learning Engineer	Exadel	Poland (Remote)	https://www.linkedin.com/jobs/view/4407177305
linkedin-auth	dup	Senior Artificial Intelligence/Machine Learning Engineer	Ciklum	Poland (Remote)	https://www.linkedin.com/jobs/view/4435139465
linkedin-auth	title	Full Stack Web Developer	I MILLE	Italy (Remote)	https://www.linkedin.com/jobs/view/4432361677
linkedin-auth	title	Senior Python Developer (Remote)	Quik Hire Staffing	Germany (Remote)	https://www.linkedin.com/jobs/view/4435520733
linkedin-auth	location	Software Engineer (AI Training)	Alignerr	Leipzig, Saxony, Germany (Remote)	https://www.linkedin.com/jobs/view/4435380041
linkedin-auth	dup	Senior/Lead Machine Learning Engineer	Exadel	Bulgaria (Remote)	https://www.linkedin.com/jobs/view/4407184129
linkedin-auth	dup	Applied AI Engineer	Revolut	Czechia (Remote)	https://www.linkedin.com/jobs/view/4407469819
linkedin-auth	location	AI Engineer (mensch)	Omnicom Media Germany	Düsseldorf, North Rhine-Westphalia, Germany (Remote)	https://www.linkedin.com/jobs/view/4434969976
linkedin-auth	dup	AI Backend Engineer (Python/FastAPI)	Macaque Consulting	Spain (Remote)	https://www.linkedin.com/jobs/view/4434967988
linkedin-auth	dup	Computer Vision and Software Engineer	Neural Grader	Spain (Remote)	https://www.linkedin.com/jobs/view/4434956913
linkedin-auth	dup	AI Developer	Senovo IT Ltd	Spain (Remote)	https://www.linkedin.com/jobs/view/4434948904
linkedin-auth	title	Ingeniero de aprendizaje automático	Akkodis	Spain (Remote)	https://www.linkedin.com/jobs/view/4431590670
linkedin-auth	location	Développeur IA / Machine Learning (H/F)	Extia	Paris, Île-de-France, France (Remote)	https://www.linkedin.com/jobs/view/4423975402
linkedin-auth	dup	Senior Machine Learning Engineer / Data Scientist (Remote)	NovaTech Group	Italy (Remote)	https://www.linkedin.com/jobs/view/4431540242
linkedin-auth	dup	Senior Machine Learning Engineer (Romania)	Lateral Group	Targu Mures Metropolitan Area (Remote)	https://www.linkedin.com/jobs/view/4434152539
linkedin-auth	dup	AI Native Product Engineer	Synmatch AI	Germany (Remote)	https://www.linkedin.com/jobs/view/4434743661
linkedin-auth	location	Machine Learning Engineer (m/f/d)	Siemens Energy	Amadora, Lisbon, Portugal (Remote)	https://www.linkedin.com/jobs/view/4434151024
linkedin-auth	title	Python Developer (Remote)	Hire Feed	Germany (Remote)	https://www.linkedin.com/jobs/view/4435394590
linkedin-auth	title	Staff ML Engineer	Cloudbeds	Prague, Prague, Czechia (Remote)	https://www.linkedin.com/jobs/view/4435108984
linkedin-auth	title	Staff ML Engineer	Cloudbeds	Lisboa, Lisbon, Portugal (Remote)	https://www.linkedin.com/jobs/view/4435108980
linkedin-auth	title	Staff ML Engineer	Cloudbeds	Dublin, County Dublin, Ireland (Remote)	https://www.linkedin.com/jobs/view/4435108969
linkedin-auth	location	Senior Machine Learning Engineer (Bucharest)	Lateral Group	Bucharest, Bucharest, Romania (Remote)	https://www.linkedin.com/jobs/view/4434159305
linkedin-auth	location	Machine Learning Engineer (m/f/d)	Siemens Energy	Mülheim an der Ruhr, North Rhine-Westphalia, Germany (Remote)	https://www.linkedin.com/jobs/view/4434141209
linkedin-auth	location	Machine Learning Engineer (m/f/d)	Siemens Energy	Bucharest, Bucharest, Romania (Remote)	https://www.linkedin.com/jobs/view/4434127902
linkedin-auth	dup	AI/ML Engineer	DocuSketch	Germany (Remote)	https://www.linkedin.com/jobs/view/4434139157
linkedin-auth	dup	Machine Learning Engineer Junior	Evolve	Spain (Remote)	https://www.linkedin.com/jobs/view/4434468720
linkedin-auth	title	Freelance Data Scraping Engineer (Python)	Mindrift	Milan, Lombardy, Italy (Remote)	https://www.linkedin.com/jobs/view/4432343819
linkedin-auth	title	DATA PLATFORM ENGINEER	PrimeIT España	Spain (Remote)	https://www.linkedin.com/jobs/view/4435517425
linkedin-auth	dup	Senior Applied Computer Vision Engineer	Jobgether	Spain (Remote)	https://www.linkedin.com/jobs/view/4432313583
linkedin-auth	title	Ingeniero/a de Inteligencia Artificial	Capitole	Spain (Remote)	https://www.linkedin.com/jobs/view/4431956523
linkedin-auth	dup	Senior AI Engineer - Voice AI | Relocation to UAE🇦🇪	UMATR	Germany (Remote)	https://www.linkedin.com/jobs/view/4430239054
linkedin-auth	dup	Junior AI Engineer | Program dla Absolwentów	Look4IT	Poland (Remote)	https://www.linkedin.com/jobs/view/4434713095
linkedin-auth	location	Senior LLM Ops Engineer	InnoTech	Lisbon, Portugal (Remote)	https://www.linkedin.com/jobs/view/4430130170
linkedin-auth	title	Senior Data Platform Engineer - Remote Work | REF#293893	BairesDev	Germany (Remote)	https://www.linkedin.com/jobs/view/4426566347
linkedin-auth	title	Stream Processing Engineer (Apache Flink Internals) - Remote Work | REF#294331	BairesDev	Germany (Remote)	https://www.linkedin.com/jobs/view/4426563383
linkedin-auth	title	Distributed Storage Engineer (Apache Ozone Internals) - Remote Work | REF#294448	BairesDev	Spain (Remote)	https://www.linkedin.com/jobs/view/4426565390
linkedin-auth	title	Scientific Computing	WERT AI	Germany (Remote)	https://www.linkedin.com/jobs/view/4435565855
linkedin-auth	title	Curriculum Developer (Internship)	BrainBite	Netherlands (Remote)	https://www.linkedin.com/jobs/view/4427086835
linkedin-auth	title	Online Life Coach for Students - Part-time	Nachhilfeunterricht	Germany (Remote)	https://www.linkedin.com/jobs/view/4433590787
linkedin-auth	title	Consultor de Inteligencia Artificial	Grupo TECDATA Engineering	Spain (Remote)	https://www.linkedin.com/jobs/view/4432332950
linkedin-auth	location	Postdoctoral Research Scientist – STEM (Remote | $65 –$100/hr)	Call For Referral	Berlin, Germany (Remote)	https://www.linkedin.com/jobs/view/4432334730
linkedin-auth	dup	🤖 Senior Data Scientist (GenAI/LLM/RAG) ☁️🔬	Bluetab, an IBM Company	Spain (Remote)	https://www.linkedin.com/jobs/view/4431948661
linkedin-auth	title	Científico de datos	Grupo TECDATA Engineering	Spain (Remote)	https://www.linkedin.com/jobs/view/4434316906
linkedin-auth	dup	Buscamos Data Scientist (GCP + BigQuery) | 100% Remoto	Grupo TECDATA Engineering	Spain (Remote)	https://www.linkedin.com/jobs/view/4434307747
linkedin-auth	title	Remote Chemistry Researcher (PhD)	Turing	Berlin, Germany (Remote)	https://www.linkedin.com/jobs/view/4434988975
linkedin-auth	title	Remote Chemistry Researcher (PhD)	Turing	Germany (Remote)	https://www.linkedin.com/jobs/view/4435108032
linkedin-auth	location	Data Scientist (GCP / BigQuery / Python / SQL)	Grupo TECDATA Engineering	Madrid, Community of Madrid, Spain (Remote)	https://www.linkedin.com/jobs/view/4435560914
linkedin-auth	title	Data Analyst (Dutch) | $15/hr Remote	Crossing Hurdles	Netherlands (Remote)	https://www.linkedin.com/jobs/view/4426051734
linkedin-auth	dup	Data Scientist	Gauss & Neumann	Estonia (Remote)	https://www.linkedin.com/jobs/view/4429026770
linkedin-auth	dup	Data Scientist	Gauss & Neumann	Romania (Remote)	https://www.linkedin.com/jobs/view/4378842975
linkedin-auth	dup	Data Scientist - AI/ML (Remote)	Hire Feed	Poland (Remote)	https://www.linkedin.com/jobs/view/4435531081
linkedin-auth	title	Senior Data Analyst (CX)	Tabby | تابي	Spain (Remote)	https://www.linkedin.com/jobs/view/4416243128
linkedin-auth	dup	Data Scientist	Hays	Poland (Remote)	https://www.linkedin.com/jobs/view/4431936519
linkedin-auth	dup	Senior Data Scientist: Predictive Operations & Experimentation	Nextbike Polska S.A.	Poland (Remote)	https://www.linkedin.com/jobs/view/4431936210
linkedin-auth	dup	Junior Engineer / Data Scientist – First Professional Role	Fraudio	Portugal (Remote)	https://www.linkedin.com/jobs/view/4434993104
linkedin-auth	location	Data Scientist III	OpenX	Cracow, Małopolskie, Poland (Remote)	https://www.linkedin.com/jobs/view/4431922531
linkedin-auth	location	Data Scientist	NoeXa - IT Solutions	Lisbon, Portugal (Remote)	https://www.linkedin.com/jobs/view/4422983264
linkedin-auth	title	(Junior) Consultant - Künstliche Intelligenz (m/w/d)	AWADO Gruppe	Germany (Remote)	https://www.linkedin.com/jobs/view/4434971355
linkedin-auth	title	Python Developer	Azienda Riservata Italia	Emilia-Romagna, Italy (Remote)	https://www.linkedin.com/jobs/view/4424058892
linkedin-auth	title	Data Quality Analyst (Dutch)	Crossing Hurdles	Netherlands (Remote)	https://www.linkedin.com/jobs/view/4434199763
linkedin-auth	title	Data Analyst	TTC Group (Tech Talent Consulting)	European Union (Remote)	https://www.linkedin.com/jobs/view/4434945614
linkedin-auth	dup	Data Scientist	Jobgether	Spain (Remote)	https://www.linkedin.com/jobs/view/4434194753
linkedin-auth	dup	AI Data Quality Analyst	Alignerr	Spain (Remote)	https://www.linkedin.com/jobs/view/4434913677
linkedin-auth	title	Graduate data scientist	Bending Spoons	Italy (Remote)	https://www.linkedin.com/jobs/view/4434300063
linkedin-auth	title	Senior Data Platform Engineer - Remote Work | REF#293918	BairesDev	Spain (Remote)	https://www.linkedin.com/jobs/view/4426567361
linkedin-auth	dup	Data Scientist	Gauss & Neumann	Poland (Remote)	https://www.linkedin.com/jobs/view/4379160863
linkedin-auth	title	Freelance Data Scraping Engineer (Python)	Mindrift	Spain (Remote)	https://www.linkedin.com/jobs/view/4432357347
linkedin-auth	title	Data Analyst	Spait Infotech	Ireland (Remote)	https://www.linkedin.com/jobs/view/4431921896
linkedin-auth	dup	Data Scientist	Jobgether	France (Remote)	https://www.linkedin.com/jobs/view/4434190828
linkedin-auth	title	Graduate data scientist	Bending Spoons	Poland (Remote)	https://www.linkedin.com/jobs/view/4434300062
linkedin-auth	location	Data Scientist	Capgemini Engineering	Madrid, Community of Madrid, Spain (Remote)	https://www.linkedin.com/jobs/view/4434795179
linkedin-auth	dup	Middle Data Scientist (Generative AI)	SoftServe	Bulgaria (Remote)	https://www.linkedin.com/jobs/view/4434158180
linkedin-auth	dup	Middle Data Scientist (Generative AI)	SoftServe	Poland (Remote)	https://www.linkedin.com/jobs/view/4434137830
linkedin-auth	dup	Senior Data Scientist (Generative AI)	SoftServe	Bulgaria (Remote)	https://www.linkedin.com/jobs/view/4434136872
linkedin-auth	location	Data Scientist (Remote EU, B2B contract)	Mira	Berlin, Berlin, Germany (Remote)	https://www.linkedin.com/jobs/view/4434727396
linkedin-auth	title	Data Analytics Analyst - SAS	IQVIA	Madrid, Community of Madrid, Spain (Remote)	https://www.linkedin.com/jobs/view/4434139299
linkedin-auth	dup	Senior Data Scientist	Veriff	Spain (Remote)	https://www.linkedin.com/jobs/view/4421931406
linkedin-auth	title	Senior Product Data Specialist (PIM)	Academia the Technology Group	Netherlands (Remote)	https://www.linkedin.com/jobs/view/4434488642
linkedin-auth	title	Data Scientist (Marketing) (m/w/d)	XXXLdigital – Part of XXXL Group	Vienna, Vienna, Austria (Remote)	https://www.linkedin.com/jobs/view/4397573214
linkedin-auth	title	Data Scientist (Marketing) (m/w/d)	XXXLdigital – Part of XXXL Group	Munich, Bavaria, Germany (Remote)	https://www.linkedin.com/jobs/view/4397570456
linkedin-auth	title	Data Scientist - Marketing Modelling (MMM)	BIP Portugal	Portugal (Remote)	https://www.linkedin.com/jobs/view/4431094969
linkedin-auth	title	Data Analyst Junior	Evolve	Spain (Remote)	https://www.linkedin.com/jobs/view/4434467868
linkedin-auth	dup	Data Scientist Junior	Evolve	Spain (Remote)	https://www.linkedin.com/jobs/view/4434466739
linkedin-auth	dup	Data Scientist Junior	Evolve	Spain (Remote)	https://www.linkedin.com/jobs/view/4434479264
linkedin-auth	title	Data Engineering Specialist | Power BI | 100% Remote	UST España & Latam	Spain (Remote)	https://www.linkedin.com/jobs/view/4428020427
linkedin-auth	title	Científico de datos	Grupo TECDATA Engineering	Spain (Remote)	https://www.linkedin.com/jobs/view/4434329332
linkedin-auth	dup	Data Scientist	Jobgether	Germany (Remote)	https://www.linkedin.com/jobs/view/4434190773
linkedin-auth	title	Founding Engineering Team Lead (On-site Berlin)	TechBiz Global	Germany (Remote)	https://www.linkedin.com/jobs/view/4435533887
linkedin-auth	title	Member of Technical Staff - Research Engineering (Remote)	Quik Hire Staffing	Germany (Remote)	https://www.linkedin.com/jobs/view/4435518017
linkedin-auth	title	Stream Processing Engineer (Apache Flink Internals) - Remote Work | REF#294336	BairesDev	Italy (Remote)	https://www.linkedin.com/jobs/view/4426551496
linkedin-auth	dup	MLOps Engineer	MC Engineering	Italy (Remote)	https://www.linkedin.com/jobs/view/4416291338
linkedin-auth	dup	Senior AI Solutions Engineer	OLX	Portugal (Remote)	https://www.linkedin.com/jobs/view/4429267021
linkedin-auth	title	Forward Deployed Engineer	Jobgether	Netherlands (Remote)	https://www.linkedin.com/jobs/view/4431583686
linkedin-auth	dup	Lead AI Platform Engineer - Portugal Full Remote	HumanIT Digital Consulting	Portugal (Remote)	https://www.linkedin.com/jobs/view/4430987689
linkedin-auth	title	Data Engineering Lead - Spain	E-Frontiers	Spain (Remote)	https://www.linkedin.com/jobs/view/4434493005
linkedin-auth	location	Senior GenAI Engineer (M/K) - Praca zdalna	Astek	Warsaw, Mazowieckie, Poland (Remote)	https://www.linkedin.com/jobs/view/4432347484
linkedin-auth	dup	GenAI Engineer	Zenitech	Romania (Remote)	https://www.linkedin.com/jobs/view/4410569132
linkedin-auth	dup	Senior GenAI Engineer	LanceSoft Europe	Poland (Remote)	https://www.linkedin.com/jobs/view/4432661091
linkedin-auth	location	Senior GenAI Engineer	Bonapolia	Warsaw, Mazowieckie, Poland (Remote)	https://www.linkedin.com/jobs/view/4431544840
